Day,Channel,Format,Topic,CTA
1,Substack,Manifesto,Why PharmaLens Intelligence exists,Subscribe
2,LinkedIn,Carousel,5 pharma signals worth watching this week,Subscribe
3,LinkedIn,Short post,One company one signal one implication,Read full issue
4,Substack,Weekly issue,Global pharma intelligence snapshot,Explore PharmaLens
5,LinkedIn,Chart,One pharma market number explained,Read issue
6,LinkedIn,Opinion,What pharma teams are missing in the news,Subscribe
7,LinkedIn,Poll,Which intelligence matters most?,Comment
8,Substack,Deep dive,How to read a pharma deal commercially,Explore PharmaLens
9,LinkedIn,Carousel,Deal anatomy: price pipeline strategic fit,Read deep dive
10,LinkedIn,Short video,60-second pharma deal explanation,Subscribe
11,LinkedIn,Chart,Pipeline competitive map,Read issue
12,Substack,Weekly issue,Molecule/pipeline intelligence snapshot,Explore PharmaLens
13,LinkedIn,Post,3 MENA pharma signals,Subscribe
14,LinkedIn,Poll,Saudi vs Egypt vs GCC intelligence needs,Comment
15,Substack,MENA deep dive,Saudi/Egypt market access signal,Explore PharmaLens
16,LinkedIn,Carousel,Market access explained for commercial teams,Read deep dive
17,LinkedIn,Short video,What is tender intelligence?,Subscribe
18,LinkedIn,Chart,Company performance snapshot,Explore PharmaLens
19,Substack,Weekly issue,Commercial pharma intelligence snapshot,Explore PharmaLens
20,LinkedIn,Post,One forecasting mistake pharma teams make,Read issue
21,LinkedIn,Carousel,Brand launch checklist,Subscribe
22,Substack,AI x Pharma,Where AI creates commercial value today,Explore PharmaLens
23,LinkedIn,Short video,AI in pharma in 60 seconds,Subscribe
24,LinkedIn,Chart,AI/pharma company landscape,Read issue
25,Substack,Weekly issue,AI x pharma intelligence snapshot,Explore PharmaLens
26,LinkedIn,Post,Medical affairs + commercial collaboration,Subscribe
27,LinkedIn,Carousel,5 questions before a product launch,Read issue
28,Substack,MENA deep dive,MENA pharma opportunity map,Explore PharmaLens
29,LinkedIn,Founder post,Building PharmaLens from the field,Subscribe
30,Substack,Monthly report,30-day pharma intelligence review + next-month watchlist,Explore PharmaLens
